Folder_name,File_name,Beta
Beta_1.0,u_001,1.0
Beta_1.0,u_002,1.0
Beta_1.0,u_003,1.0
Beta_1.0,u_004,1.0
Beta_1.0,u_005,1.0
Beta_1.0,u_006,1.0
Beta_1.0,u_007,1.0
Beta_1.0,u_008,1.0
Beta_1.0,u_009,1.0
Beta_1.0,u_010,1.0
Beta_1.0,u_011,1.0
Beta_1.0,u_012,1.0
Beta_1.0,u_013,1.0
Beta_1.0,u_014,1.0
Beta_1.0,u_015,1.0
Beta_1.0,u_016,1.0
Beta_1.0,u_017,1.0
Beta_1.0,u_018,1.0
Beta_1.0,u_019,1.0
Beta_1.0,u_020,1.0
Beta_1.0,u_021,1.0
Beta_1.0,u_022,1.0
Beta_1.0,u_023,1.0
Beta_1.0,u_024,1.0
Beta_1.0,u_025,1.0
Beta_1.0,u_026,1.0
Beta_1.0,u_027,1.0
Beta_1.0,u_028,1.0
Beta_1.0,u_029,1.0
Beta_1.0,u_030,1.0
Beta_1.0,u_031,1.0
Beta_1.0,u_032,1.0
Beta_1.0,u_033,1.0
Beta_1.0,u_034,1.0
Beta_1.0,u_035,1.0
Beta_1.0,u_036,1.0
Beta_1.0,u_037,1.0
Beta_1.0,u_038,1.0
Beta_1.0,u_039,1.0
Beta_1.0,u_040,1.0
Beta_1.0,u_041,1.0
Beta_1.0,u_042,1.0
Beta_1.0,u_043,1.0
Beta_1.0,u_044,1.0
Beta_1.0,u_045,1.0
Beta_1.0,u_046,1.0
Beta_1.0,u_047,1.0
Beta_1.0,u_048,1.0
Beta_1.0,u_049,1.0
Beta_1.0,u_050,1.0
Beta_1.0,u_051,1.0
Beta_1.0,u_052,1.0
Beta_1.0,u_053,1.0
Beta_1.0,u_054,1.0
Beta_1.0,u_055,1.0
Beta_1.0,u_056,1.0
Beta_1.0,u_057,1.0
Beta_1.0,u_058,1.0
Beta_1.0,u_059,1.0
Beta_1.0,u_060,1.0
Beta_1.0,u_061,1.0
Beta_1.0,u_062,1.0
Beta_1.0,u_063,1.0
Beta_1.0,u_064,1.0
Beta_1.0,u_065,1.0
Beta_1.0,u_066,1.0
Beta_1.0,u_067,1.0
Beta_1.0,u_068,1.0
Beta_1.0,u_069,1.0
Beta_1.0,u_070,1.0
Beta_1.0,u_071,1.0
Beta_1.0,u_072,1.0
Beta_1.0,u_073,1.0
Beta_1.0,u_074,1.0
Beta_1.0,u_075,1.0
Beta_1.0,u_076,1.0
Beta_1.0,u_077,1.0
Beta_1.0,u_078,1.0
Beta_1.0,u_079,1.0
Beta_1.0,u_080,1.0
Beta_1.0,u_081,1.0
Beta_1.0,u_082,1.0
Beta_1.0,u_083,1.0
Beta_1.0,u_084,1.0
Beta_1.0,u_085,1.0
Beta_1.0,u_086,1.0
Beta_1.0,u_087,1.0
Beta_1.0,u_088,1.0
Beta_1.0,u_089,1.0
Beta_1.0,u_090,1.0
Beta_1.0,u_091,1.0
Beta_1.0,u_092,1.0
Beta_1.0,u_093,1.0
Beta_1.0,u_094,1.0
Beta_1.0,u_095,1.0
Beta_1.0,u_096,1.0
Beta_1.0,u_097,1.0
Beta_1.0,u_098,1.0
Beta_1.0,u_099,1.0
Beta_1.0,u_100,1.0
Beta_1.0,u_101,1.0
Beta_1.0,u_102,1.0
Beta_1.0,u_103,1.0
Beta_1.0,u_104,1.0
Beta_1.0,u_105,1.0
Beta_1.0,u_106,1.0
Beta_1.0,u_107,1.0
Beta_1.0,u_108,1.0
Beta_1.0,u_109,1.0
Beta_1.0,u_110,1.0
Beta_1.0,u_111,1.0
Beta_1.0,u_112,1.0
Beta_1.0,u_113,1.0
Beta_1.0,u_114,1.0
Beta_1.0,u_115,1.0
Beta_1.0,u_116,1.0
Beta_1.0,u_117,1.0
Beta_1.0,u_118,1.0
Beta_1.0,u_119,1.0
Beta_1.0,u_120,1.0
Beta_1.0,u_121,1.0
Beta_1.0,u_122,1.0
Beta_1.0,u_123,1.0
Beta_1.0,u_124,1.0
Beta_1.0,u_125,1.0
Beta_1.0,u_126,1.0
Beta_1.0,u_127,1.0
Beta_1.0,u_128,1.0
Beta_1.0,u_129,1.0
Beta_1.0,u_130,1.0
Beta_1.0,u_131,1.0
Beta_1.0,u_132,1.0
Beta_1.0,u_133,1.0
Beta_1.0,u_134,1.0
Beta_1.0,u_135,1.0
Beta_1.0,u_136,1.0
Beta_1.0,u_137,1.0
Beta_1.0,u_138,1.0
Beta_1.0,u_139,1.0
Beta_1.0,u_140,1.0
Beta_1.0,u_141,1.0
Beta_1.0,u_142,1.0
Beta_1.0,u_143,1.0
Beta_1.0,u_144,1.0
Beta_1.0,u_145,1.0
Beta_1.0,u_146,1.0
Beta_1.0,u_147,1.0
Beta_1.0,u_148,1.0
Beta_1.0,u_149,1.0
Beta_1.0,u_150,1.0
Beta_1.0,u_151,1.0
Beta_1.0,u_152,1.0
Beta_1.0,u_153,1.0
Beta_1.0,u_154,1.0
Beta_1.0,u_155,1.0
Beta_1.0,u_156,1.0
Beta_1.0,u_157,1.0
Beta_1.0,u_158,1.0
Beta_1.0,u_159,1.0
Beta_1.0,u_160,1.0
Beta_1.0,u_161,1.0
Beta_1.0,u_162,1.0
Beta_1.0,u_163,1.0
Beta_1.0,u_164,1.0
Beta_1.0,u_165,1.0
Beta_1.0,u_166,1.0
Beta_1.0,u_167,1.0
Beta_1.0,u_168,1.0
Beta_1.0,u_169,1.0
Beta_1.0,u_170,1.0
Beta_1.0,u_171,1.0
Beta_1.0,u_172,1.0
Beta_1.0,u_173,1.0
Beta_1.0,u_174,1.0
Beta_1.0,u_175,1.0
Beta_1.0,u_176,1.0
Beta_1.0,u_177,1.0
Beta_1.0,u_178,1.0
Beta_1.0,u_179,1.0
Beta_1.0,u_180,1.0
Beta_1.0,u_181,1.0
Beta_1.0,u_182,1.0
Beta_1.0,u_183,1.0
Beta_1.0,u_184,1.0
Beta_1.0,u_185,1.0
Beta_1.0,u_186,1.0
Beta_1.0,u_187,1.0
Beta_1.0,u_188,1.0
Beta_1.0,u_189,1.0
Beta_1.0,u_190,1.0
Beta_1.0,u_191,1.0
Beta_1.0,u_192,1.0
Beta_1.0,u_193,1.0
Beta_1.0,u_194,1.0
Beta_1.0,u_195,1.0
Beta_1.0,u_196,1.0
Beta_1.0,u_197,1.0
Beta_1.0,u_198,1.0
Beta_1.0,u_199,1.0
Beta_1.0,u_200,1.0
Beta_1.0,u_201,1.0
Beta_1.0,u_202,1.0
Beta_1.0,u_203,1.0
Beta_1.0,u_204,1.0
Beta_1.0,u_205,1.0
Beta_1.0,u_206,1.0
Beta_1.0,u_207,1.0
Beta_1.0,u_208,1.0
Beta_1.0,u_209,1.0
Beta_1.0,u_210,1.0
Beta_1.0,u_211,1.0
Beta_1.0,u_212,1.0
Beta_1.0,u_213,1.0
Beta_1.0,u_214,1.0
Beta_1.0,u_215,1.0
Beta_1.0,u_216,1.0
Beta_1.0,u_217,1.0
Beta_1.0,u_218,1.0
Beta_1.0,u_219,1.0
Beta_1.0,u_220,1.0
Beta_1.0,u_221,1.0
Beta_1.0,u_222,1.0
Beta_1.0,u_223,1.0
Beta_1.0,u_224,1.0
Beta_1.0,u_225,1.0
Beta_1.0,u_226,1.0
Beta_1.0,u_227,1.0
Beta_1.0,u_228,1.0
Beta_1.0,u_229,1.0
Beta_1.0,u_230,1.0
Beta_1.0,u_231,1.0
Beta_1.0,u_232,1.0
Beta_1.0,u_233,1.0
Beta_1.0,u_234,1.0
Beta_1.0,u_235,1.0
Beta_1.0,u_236,1.0
Beta_1.0,u_237,1.0
Beta_1.0,u_238,1.0
Beta_1.0,u_239,1.0
Beta_1.0,u_240,1.0
Beta_1.0,u_241,1.0
Beta_1.0,u_242,1.0
Beta_1.0,u_243,1.0
Beta_1.0,u_244,1.0
Beta_1.0,u_245,1.0
Beta_1.0,u_246,1.0
Beta_1.0,u_247,1.0
Beta_1.0,u_248,1.0
Beta_1.0,u_249,1.0
Beta_1.0,u_250,1.0
Beta_1.0,u_251,1.0
Beta_1.0,u_252,1.0
Beta_1.0,u_253,1.0
Beta_1.0,u_254,1.0
Beta_1.0,u_255,1.0
Beta_1.0,u_256,1.0
Beta_1.0,u_257,1.0
Beta_1.0,u_258,1.0
Beta_1.0,u_259,1.0
Beta_1.0,u_260,1.0
Beta_1.0,u_261,1.0
Beta_1.0,u_262,1.0
Beta_1.0,u_263,1.0
Beta_1.0,u_264,1.0
Beta_1.0,u_265,1.0
Beta_1.0,u_266,1.0
Beta_1.0,u_267,1.0
Beta_1.0,u_268,1.0
Beta_1.0,u_269,1.0
Beta_1.0,u_270,1.0
Beta_1.0,u_271,1.0
Beta_1.0,u_272,1.0
Beta_1.0,u_273,1.0
Beta_1.0,u_274,1.0
Beta_1.0,u_275,1.0
Beta_1.0,u_276,1.0
Beta_1.0,u_277,1.0
Beta_1.0,u_278,1.0
Beta_1.0,u_279,1.0
Beta_1.0,u_280,1.0
Beta_1.0,u_281,1.0
Beta_1.0,u_282,1.0
Beta_1.0,u_283,1.0
Beta_1.0,u_284,1.0
Beta_1.0,u_285,1.0
Beta_1.0,u_286,1.0
Beta_1.0,u_287,1.0
Beta_1.0,u_288,1.0
Beta_1.0,u_289,1.0
Beta_1.0,u_290,1.0
Beta_1.0,u_291,1.0
Beta_1.0,u_292,1.0
Beta_1.0,u_293,1.0
Beta_1.0,u_294,1.0
Beta_1.0,u_295,1.0
Beta_1.0,u_296,1.0
Beta_1.0,u_297,1.0
Beta_1.0,u_298,1.0
Beta_1.0,u_299,1.0
Beta_1.0,u_300,1.0
Beta_1.0,u_301,1.0
Beta_1.0,u_302,1.0
Beta_1.0,u_303,1.0
Beta_1.0,u_304,1.0
Beta_1.0,u_305,1.0
Beta_1.0,u_306,1.0
Beta_1.0,u_307,1.0
Beta_1.0,u_308,1.0
Beta_1.0,u_309,1.0
Beta_1.0,u_310,1.0
Beta_1.0,u_311,1.0
Beta_1.0,u_312,1.0
Beta_1.0,u_313,1.0
Beta_1.0,u_314,1.0
Beta_1.0,u_315,1.0
Beta_1.0,u_316,1.0
Beta_1.0,u_317,1.0
Beta_1.0,u_318,1.0
Beta_1.0,u_319,1.0
Beta_1.0,u_320,1.0
Beta_1.0,u_321,1.0
Beta_1.0,u_322,1.0
Beta_1.0,u_323,1.0
Beta_1.0,u_324,1.0
Beta_1.0,u_325,1.0
Beta_1.0,u_326,1.0
Beta_1.0,u_327,1.0
Beta_1.0,u_328,1.0
Beta_1.0,u_329,1.0
Beta_1.0,u_330,1.0
Beta_1.0,u_331,1.0
Beta_1.0,u_332,1.0
Beta_1.0,u_333,1.0
Beta_1.0,u_334,1.0
Beta_1.0,u_335,1.0
Beta_1.0,u_336,1.0
Beta_1.0,u_337,1.0
Beta_1.0,u_338,1.0
Beta_1.0,u_339,1.0
Beta_1.0,u_340,1.0
Beta_1.0,u_341,1.0
Beta_1.0,u_342,1.0
Beta_1.0,u_343,1.0
Beta_1.0,u_344,1.0
Beta_1.0,u_345,1.0
Beta_1.0,u_346,1.0
Beta_1.0,u_347,1.0
Beta_1.0,u_348,1.0
Beta_1.0,u_349,1.0
Beta_1.0,u_350,1.0
Beta_1.0,u_351,1.0
Beta_1.0,u_352,1.0
Beta_1.0,u_353,1.0
Beta_1.0,u_354,1.0
Beta_1.0,u_355,1.0
Beta_1.0,u_356,1.0
Beta_1.0,u_357,1.0
Beta_1.0,u_358,1.0
Beta_1.0,u_359,1.0
Beta_1.0,u_360,1.0
Beta_1.0,u_361,1.0
Beta_1.0,u_362,1.0
Beta_1.0,u_363,1.0
Beta_1.0,u_364,1.0
Beta_1.0,u_365,1.0
Beta_1.0,u_366,1.0
Beta_1.0,u_367,1.0
Beta_1.0,u_368,1.0
Beta_1.0,u_369,1.0
Beta_1.0,u_370,1.0
Beta_1.0,u_371,1.0
Beta_1.0,u_372,1.0
Beta_1.0,u_373,1.0
Beta_1.0,u_374,1.0
Beta_1.0,u_375,1.0
Beta_1.0,u_376,1.0
Beta_1.0,u_377,1.0
Beta_1.0,u_378,1.0
Beta_1.0,u_379,1.0
Beta_1.0,u_380,1.0
Beta_1.0,u_381,1.0
Beta_1.0,u_382,1.0
Beta_1.0,u_383,1.0
Beta_1.0,u_384,1.0
Beta_1.0,u_385,1.0
Beta_1.0,u_386,1.0
Beta_1.0,u_387,1.0
Beta_1.0,u_388,1.0
Beta_1.0,u_389,1.0
Beta_1.0,u_390,1.0
Beta_1.0,u_391,1.0
Beta_1.0,u_392,1.0
Beta_1.0,u_393,1.0
Beta_1.0,u_394,1.0
Beta_1.0,u_395,1.0
Beta_1.0,u_396,1.0
Beta_1.0,u_397,1.0
Beta_1.0,u_398,1.0
Beta_1.0,u_399,1.0
Beta_1.0,u_400,1.0
Beta_1.0,u_401,1.0
Beta_1.2,u_001,1.2
Beta_1.2,u_002,1.2
Beta_1.2,u_003,1.2
Beta_1.2,u_004,1.2
Beta_1.2,u_005,1.2
Beta_1.2,u_006,1.2
Beta_1.2,u_007,1.2
Beta_1.2,u_008,1.2
Beta_1.2,u_009,1.2
Beta_1.2,u_010,1.2
Beta_1.2,u_011,1.2
Beta_1.2,u_012,1.2
Beta_1.2,u_013,1.2
Beta_1.2,u_014,1.2
Beta_1.2,u_015,1.2
Beta_1.2,u_016,1.2
Beta_1.2,u_017,1.2
Beta_1.2,u_018,1.2
Beta_1.2,u_019,1.2
Beta_1.2,u_020,1.2
Beta_1.2,u_021,1.2
Beta_1.2,u_022,1.2
Beta_1.2,u_023,1.2
Beta_1.2,u_024,1.2
Beta_1.2,u_025,1.2
Beta_1.2,u_026,1.2
Beta_1.2,u_027,1.2
Beta_1.2,u_028,1.2
Beta_1.2,u_029,1.2
Beta_1.2,u_030,1.2
Beta_1.2,u_031,1.2
Beta_1.2,u_032,1.2
Beta_1.2,u_033,1.2
Beta_1.2,u_034,1.2
Beta_1.2,u_035,1.2
Beta_1.2,u_036,1.2
Beta_1.2,u_037,1.2
Beta_1.2,u_038,1.2
Beta_1.2,u_039,1.2
Beta_1.2,u_040,1.2
Beta_1.2,u_041,1.2
Beta_1.2,u_042,1.2
Beta_1.2,u_043,1.2
Beta_1.2,u_044,1.2
Beta_1.2,u_045,1.2
Beta_1.2,u_046,1.2
Beta_1.2,u_047,1.2
Beta_1.2,u_048,1.2
Beta_1.2,u_049,1.2
Beta_1.2,u_050,1.2
Beta_1.2,u_051,1.2
Beta_1.2,u_052,1.2
Beta_1.2,u_053,1.2
Beta_1.2,u_054,1.2
Beta_1.2,u_055,1.2
Beta_1.2,u_056,1.2
Beta_1.2,u_057,1.2
Beta_1.2,u_058,1.2
Beta_1.2,u_059,1.2
Beta_1.2,u_060,1.2
Beta_1.2,u_061,1.2
Beta_1.2,u_062,1.2
Beta_1.2,u_063,1.2
Beta_1.2,u_064,1.2
Beta_1.2,u_065,1.2
Beta_1.2,u_066,1.2
Beta_1.2,u_067,1.2
Beta_1.2,u_068,1.2
Beta_1.2,u_069,1.2
Beta_1.2,u_070,1.2
Beta_1.2,u_071,1.2
Beta_1.2,u_072,1.2
Beta_1.2,u_073,1.2
Beta_1.2,u_074,1.2
Beta_1.2,u_075,1.2
Beta_1.2,u_076,1.2
Beta_1.2,u_077,1.2
Beta_1.2,u_078,1.2
Beta_1.2,u_079,1.2
Beta_1.2,u_080,1.2
Beta_1.2,u_081,1.2
Beta_1.2,u_082,1.2
Beta_1.2,u_083,1.2
Beta_1.2,u_084,1.2
Beta_1.2,u_085,1.2
Beta_1.2,u_086,1.2
Beta_1.2,u_087,1.2
Beta_1.2,u_088,1.2
Beta_1.2,u_089,1.2
Beta_1.2,u_090,1.2
Beta_1.2,u_091,1.2
Beta_1.2,u_092,1.2
Beta_1.2,u_093,1.2
Beta_1.2,u_094,1.2
Beta_1.2,u_095,1.2
Beta_1.2,u_096,1.2
Beta_1.2,u_097,1.2
Beta_1.2,u_098,1.2
Beta_1.2,u_099,1.2
Beta_1.2,u_100,1.2
Beta_1.2,u_101,1.2
Beta_1.2,u_102,1.2
Beta_1.2,u_103,1.2
Beta_1.2,u_104,1.2
Beta_1.2,u_105,1.2
Beta_1.2,u_106,1.2
Beta_1.2,u_107,1.2
Beta_1.2,u_108,1.2
Beta_1.2,u_109,1.2
Beta_1.2,u_110,1.2
Beta_1.2,u_111,1.2
Beta_1.2,u_112,1.2
Beta_1.2,u_113,1.2
Beta_1.2,u_114,1.2
Beta_1.2,u_115,1.2
Beta_1.2,u_116,1.2
Beta_1.2,u_117,1.2
Beta_1.2,u_118,1.2
Beta_1.2,u_119,1.2
Beta_1.2,u_120,1.2
Beta_1.2,u_121,1.2
Beta_1.2,u_122,1.2
Beta_1.2,u_123,1.2
Beta_1.2,u_124,1.2
Beta_1.2,u_125,1.2
Beta_1.2,u_126,1.2
Beta_1.2,u_127,1.2
Beta_1.2,u_128,1.2
Beta_1.2,u_129,1.2
Beta_1.2,u_130,1.2
Beta_1.2,u_131,1.2
Beta_1.2,u_132,1.2
Beta_1.2,u_133,1.2
Beta_1.2,u_134,1.2
Beta_1.2,u_135,1.2
Beta_1.2,u_136,1.2
Beta_1.2,u_137,1.2
Beta_1.2,u_138,1.2
Beta_1.2,u_139,1.2
Beta_1.2,u_140,1.2
Beta_1.2,u_141,1.2
Beta_1.2,u_142,1.2
Beta_1.2,u_143,1.2
Beta_1.2,u_144,1.2
Beta_1.2,u_145,1.2
Beta_1.2,u_146,1.2
Beta_1.2,u_147,1.2
Beta_1.2,u_148,1.2
Beta_1.2,u_149,1.2
Beta_1.2,u_150,1.2
Beta_1.2,u_151,1.2
Beta_1.2,u_152,1.2
Beta_1.2,u_153,1.2
Beta_1.2,u_154,1.2
Beta_1.2,u_155,1.2
Beta_1.2,u_156,1.2
Beta_1.2,u_157,1.2
Beta_1.2,u_158,1.2
Beta_1.2,u_159,1.2
Beta_1.2,u_160,1.2
Beta_1.2,u_161,1.2
Beta_1.2,u_162,1.2
Beta_1.2,u_163,1.2
Beta_1.2,u_164,1.2
Beta_1.2,u_165,1.2
Beta_1.2,u_166,1.2
Beta_1.2,u_167,1.2
Beta_1.2,u_168,1.2
Beta_1.2,u_169,1.2
Beta_1.2,u_170,1.2
Beta_1.2,u_171,1.2
Beta_1.2,u_172,1.2
Beta_1.2,u_173,1.2
Beta_1.2,u_174,1.2
Beta_1.2,u_175,1.2
Beta_1.2,u_176,1.2
Beta_1.2,u_177,1.2
Beta_1.2,u_178,1.2
Beta_1.2,u_179,1.2
Beta_1.2,u_180,1.2
Beta_1.2,u_181,1.2
Beta_1.2,u_182,1.2
Beta_1.2,u_183,1.2
Beta_1.2,u_184,1.2
Beta_1.2,u_185,1.2
Beta_1.2,u_186,1.2
Beta_1.2,u_187,1.2
Beta_1.2,u_188,1.2
Beta_1.2,u_189,1.2
Beta_1.2,u_190,1.2
Beta_1.2,u_191,1.2
Beta_1.2,u_192,1.2
Beta_1.2,u_193,1.2
Beta_1.2,u_194,1.2
Beta_1.2,u_195,1.2
Beta_1.2,u_196,1.2
Beta_1.2,u_197,1.2
Beta_1.2,u_198,1.2
Beta_1.2,u_199,1.2
Beta_1.2,u_200,1.2
Beta_1.2,u_201,1.2
Beta_1.2,u_202,1.2
Beta_1.2,u_203,1.2
Beta_1.2,u_204,1.2
Beta_1.2,u_205,1.2
Beta_1.2,u_206,1.2
Beta_1.2,u_207,1.2
Beta_1.2,u_208,1.2
Beta_1.2,u_209,1.2
Beta_1.2,u_210,1.2
Beta_1.2,u_211,1.2
Beta_1.2,u_212,1.2
Beta_1.2,u_213,1.2
Beta_1.2,u_214,1.2
Beta_1.2,u_215,1.2
Beta_1.2,u_216,1.2
Beta_1.2,u_217,1.2
Beta_1.2,u_218,1.2
Beta_1.2,u_219,1.2
Beta_1.2,u_220,1.2
Beta_1.2,u_221,1.2
Beta_1.2,u_222,1.2
Beta_1.2,u_223,1.2
Beta_1.2,u_224,1.2
Beta_1.2,u_225,1.2
Beta_1.2,u_226,1.2
Beta_1.2,u_227,1.2
Beta_1.2,u_228,1.2
Beta_1.2,u_229,1.2
Beta_1.2,u_230,1.2
Beta_1.2,u_231,1.2
Beta_1.2,u_232,1.2
Beta_1.2,u_233,1.2
Beta_1.2,u_234,1.2
Beta_1.2,u_235,1.2
Beta_1.2,u_236,1.2
Beta_1.2,u_237,1.2
Beta_1.2,u_238,1.2
Beta_1.2,u_239,1.2
Beta_1.2,u_240,1.2
Beta_1.2,u_241,1.2
Beta_1.2,u_242,1.2
Beta_1.2,u_243,1.2
Beta_1.2,u_244,1.2
Beta_1.2,u_245,1.2
Beta_1.2,u_246,1.2
Beta_1.2,u_247,1.2
Beta_1.2,u_248,1.2
Beta_1.2,u_249,1.2
Beta_1.2,u_250,1.2
Beta_1.2,u_251,1.2
Beta_1.2,u_252,1.2
Beta_1.2,u_253,1.2
Beta_1.2,u_254,1.2
Beta_1.2,u_255,1.2
Beta_1.2,u_256,1.2
Beta_1.2,u_257,1.2
Beta_1.2,u_258,1.2
Beta_1.2,u_259,1.2
Beta_1.2,u_260,1.2
Beta_1.2,u_261,1.2
Beta_1.2,u_262,1.2
Beta_1.2,u_263,1.2
Beta_1.2,u_264,1.2
Beta_1.2,u_265,1.2
Beta_1.2,u_266,1.2
Beta_1.2,u_267,1.2
Beta_1.2,u_268,1.2
Beta_1.2,u_269,1.2
Beta_1.2,u_270,1.2
Beta_1.2,u_271,1.2
Beta_1.2,u_272,1.2
Beta_1.2,u_273,1.2
Beta_1.2,u_274,1.2
Beta_1.2,u_275,1.2
Beta_1.2,u_276,1.2
Beta_1.2,u_277,1.2
Beta_1.2,u_278,1.2
Beta_1.2,u_279,1.2
Beta_1.2,u_280,1.2
Beta_1.2,u_281,1.2
Beta_1.2,u_282,1.2
Beta_1.2,u_283,1.2
Beta_1.2,u_284,1.2
Beta_1.2,u_285,1.2
Beta_1.2,u_286,1.2
Beta_1.2,u_287,1.2
Beta_1.2,u_288,1.2
Beta_1.2,u_289,1.2
Beta_1.2,u_290,1.2
Beta_1.2,u_291,1.2
Beta_1.2,u_292,1.2
Beta_1.2,u_293,1.2
Beta_1.2,u_294,1.2
Beta_1.2,u_295,1.2
Beta_1.2,u_296,1.2
Beta_1.2,u_297,1.2
Beta_1.2,u_298,1.2
Beta_1.2,u_299,1.2
Beta_1.2,u_300,1.2
Beta_1.2,u_301,1.2
Beta_1.2,u_302,1.2
Beta_1.2,u_303,1.2
Beta_1.2,u_304,1.2
Beta_1.2,u_305,1.2
Beta_1.2,u_306,1.2
Beta_1.2,u_307,1.2
Beta_1.2,u_308,1.2
Beta_1.2,u_309,1.2
Beta_1.2,u_310,1.2
Beta_1.2,u_311,1.2
Beta_1.2,u_312,1.2
Beta_1.2,u_313,1.2
Beta_1.2,u_314,1.2
Beta_1.2,u_315,1.2
Beta_1.2,u_316,1.2
Beta_1.2,u_317,1.2
Beta_1.2,u_318,1.2
Beta_1.2,u_319,1.2
Beta_1.2,u_320,1.2
Beta_1.2,u_321,1.2
Beta_1.2,u_322,1.2
Beta_1.2,u_323,1.2
Beta_1.2,u_324,1.2
Beta_1.2,u_325,1.2
Beta_1.2,u_326,1.2
Beta_1.2,u_327,1.2
Beta_1.2,u_328,1.2
Beta_1.2,u_329,1.2
Beta_1.2,u_330,1.2
Beta_1.2,u_331,1.2
Beta_1.2,u_332,1.2
Beta_1.2,u_333,1.2
Beta_1.2,u_334,1.2
Beta_1.2,u_335,1.2
Beta_1.2,u_336,1.2
Beta_1.2,u_337,1.2
Beta_1.2,u_338,1.2
Beta_1.2,u_339,1.2
Beta_1.2,u_340,1.2
Beta_1.2,u_341,1.2
Beta_1.2,u_342,1.2
Beta_1.2,u_343,1.2
Beta_1.2,u_344,1.2
Beta_1.2,u_345,1.2
Beta_1.2,u_346,1.2
Beta_1.2,u_347,1.2
Beta_1.2,u_348,1.2
Beta_1.2,u_349,1.2
Beta_1.2,u_350,1.2
Beta_1.2,u_351,1.2
Beta_1.2,u_352,1.2
Beta_1.2,u_353,1.2
Beta_1.2,u_354,1.2
Beta_1.2,u_355,1.2
Beta_1.2,u_356,1.2
Beta_1.2,u_357,1.2
Beta_1.2,u_358,1.2
Beta_1.2,u_359,1.2
Beta_1.2,u_360,1.2
Beta_1.2,u_361,1.2
Beta_1.2,u_362,1.2
Beta_1.2,u_363,1.2
Beta_1.2,u_364,1.2
Beta_1.2,u_365,1.2
Beta_1.2,u_366,1.2
Beta_1.2,u_367,1.2
Beta_1.2,u_368,1.2
Beta_1.2,u_369,1.2
Beta_1.2,u_370,1.2
Beta_1.2,u_371,1.2
Beta_1.2,u_372,1.2
Beta_1.2,u_373,1.2
Beta_1.2,u_374,1.2
Beta_1.2,u_375,1.2
Beta_1.2,u_376,1.2
Beta_1.2,u_377,1.2
Beta_1.2,u_378,1.2
Beta_1.2,u_379,1.2
Beta_1.2,u_380,1.2
Beta_1.2,u_381,1.2
Beta_1.2,u_382,1.2
Beta_1.2,u_383,1.2
Beta_1.2,u_384,1.2
Beta_1.2,u_385,1.2
Beta_1.2,u_386,1.2
Beta_1.2,u_387,1.2
Beta_1.2,u_388,1.2
Beta_1.2,u_389,1.2
Beta_1.2,u_390,1.2
Beta_1.2,u_391,1.2
Beta_1.2,u_392,1.2
Beta_1.2,u_393,1.2
Beta_1.2,u_394,1.2
Beta_1.2,u_395,1.2
Beta_1.2,u_396,1.2
Beta_1.2,u_397,1.2
Beta_1.2,u_398,1.2
Beta_1.2,u_399,1.2
Beta_1.2,u_400,1.2
Beta_1.2,u_401,1.2
Beta_1.4,u_001,1.4
Beta_1.4,u_002,1.4
Beta_1.4,u_003,1.4
Beta_1.4,u_004,1.4
Beta_1.4,u_005,1.4
Beta_1.4,u_006,1.4
Beta_1.4,u_007,1.4
Beta_1.4,u_008,1.4
Beta_1.4,u_009,1.4
Beta_1.4,u_010,1.4
Beta_1.4,u_011,1.4
Beta_1.4,u_012,1.4
Beta_1.4,u_013,1.4
Beta_1.4,u_014,1.4
Beta_1.4,u_015,1.4
Beta_1.4,u_016,1.4
Beta_1.4,u_017,1.4
Beta_1.4,u_018,1.4
Beta_1.4,u_019,1.4
Beta_1.4,u_020,1.4
Beta_1.4,u_021,1.4
Beta_1.4,u_022,1.4
Beta_1.4,u_023,1.4
Beta_1.4,u_024,1.4
Beta_1.4,u_025,1.4
Beta_1.4,u_026,1.4
Beta_1.4,u_027,1.4
Beta_1.4,u_028,1.4
Beta_1.4,u_029,1.4
Beta_1.4,u_030,1.4
Beta_1.4,u_031,1.4
Beta_1.4,u_032,1.4
Beta_1.4,u_033,1.4
Beta_1.4,u_034,1.4
Beta_1.4,u_035,1.4
Beta_1.4,u_036,1.4
Beta_1.4,u_037,1.4
Beta_1.4,u_038,1.4
Beta_1.4,u_039,1.4
Beta_1.4,u_040,1.4
Beta_1.4,u_041,1.4
Beta_1.4,u_042,1.4
Beta_1.4,u_043,1.4
Beta_1.4,u_044,1.4
Beta_1.4,u_045,1.4
Beta_1.4,u_046,1.4
Beta_1.4,u_047,1.4
Beta_1.4,u_048,1.4
Beta_1.4,u_049,1.4
Beta_1.4,u_050,1.4
Beta_1.4,u_051,1.4
Beta_1.4,u_052,1.4
Beta_1.4,u_053,1.4
Beta_1.4,u_054,1.4
Beta_1.4,u_055,1.4
Beta_1.4,u_056,1.4
Beta_1.4,u_057,1.4
Beta_1.4,u_058,1.4
Beta_1.4,u_059,1.4
Beta_1.4,u_060,1.4
Beta_1.4,u_061,1.4
Beta_1.4,u_062,1.4
Beta_1.4,u_063,1.4
Beta_1.4,u_064,1.4
Beta_1.4,u_065,1.4
Beta_1.4,u_066,1.4
Beta_1.4,u_067,1.4
Beta_1.4,u_068,1.4
Beta_1.4,u_069,1.4
Beta_1.4,u_070,1.4
Beta_1.4,u_071,1.4
Beta_1.4,u_072,1.4
Beta_1.4,u_073,1.4
Beta_1.4,u_074,1.4
Beta_1.4,u_075,1.4
Beta_1.4,u_076,1.4
Beta_1.4,u_077,1.4
Beta_1.4,u_078,1.4
Beta_1.4,u_079,1.4
Beta_1.4,u_080,1.4
Beta_1.4,u_081,1.4
Beta_1.4,u_082,1.4
Beta_1.4,u_083,1.4
Beta_1.4,u_084,1.4
Beta_1.4,u_085,1.4
Beta_1.4,u_086,1.4
Beta_1.4,u_087,1.4
Beta_1.4,u_088,1.4
Beta_1.4,u_089,1.4
Beta_1.4,u_090,1.4
Beta_1.4,u_091,1.4
Beta_1.4,u_092,1.4
Beta_1.4,u_093,1.4
Beta_1.4,u_094,1.4
Beta_1.4,u_095,1.4
Beta_1.4,u_096,1.4
Beta_1.4,u_097,1.4
Beta_1.4,u_098,1.4
Beta_1.4,u_099,1.4
Beta_1.4,u_100,1.4
Beta_1.4,u_101,1.4
Beta_1.4,u_102,1.4
Beta_1.4,u_103,1.4
Beta_1.4,u_104,1.4
Beta_1.4,u_105,1.4
Beta_1.4,u_106,1.4
Beta_1.4,u_107,1.4
Beta_1.4,u_108,1.4
Beta_1.4,u_109,1.4
Beta_1.4,u_110,1.4
Beta_1.4,u_111,1.4
Beta_1.4,u_112,1.4
Beta_1.4,u_113,1.4
Beta_1.4,u_114,1.4
Beta_1.4,u_115,1.4
Beta_1.4,u_116,1.4
Beta_1.4,u_117,1.4
Beta_1.4,u_118,1.4
Beta_1.4,u_119,1.4
Beta_1.4,u_120,1.4
Beta_1.4,u_121,1.4
Beta_1.4,u_122,1.4
Beta_1.4,u_123,1.4
Beta_1.4,u_124,1.4
Beta_1.4,u_125,1.4
Beta_1.4,u_126,1.4
Beta_1.4,u_127,1.4
Beta_1.4,u_128,1.4
Beta_1.4,u_129,1.4
Beta_1.4,u_130,1.4
Beta_1.4,u_131,1.4
Beta_1.4,u_132,1.4
Beta_1.4,u_133,1.4
Beta_1.4,u_134,1.4
Beta_1.4,u_135,1.4
Beta_1.4,u_136,1.4
Beta_1.4,u_137,1.4
Beta_1.4,u_138,1.4
Beta_1.4,u_139,1.4
Beta_1.4,u_140,1.4
Beta_1.4,u_141,1.4
Beta_1.4,u_142,1.4
Beta_1.4,u_143,1.4
Beta_1.4,u_144,1.4
Beta_1.4,u_145,1.4
Beta_1.4,u_146,1.4
Beta_1.4,u_147,1.4
Beta_1.4,u_148,1.4
Beta_1.4,u_149,1.4
Beta_1.4,u_150,1.4
Beta_1.4,u_151,1.4
Beta_1.4,u_152,1.4
Beta_1.4,u_153,1.4
Beta_1.4,u_154,1.4
Beta_1.4,u_155,1.4
Beta_1.4,u_156,1.4
Beta_1.4,u_157,1.4
Beta_1.4,u_158,1.4
Beta_1.4,u_159,1.4
Beta_1.4,u_160,1.4
Beta_1.4,u_161,1.4
Beta_1.4,u_162,1.4
Beta_1.4,u_163,1.4
Beta_1.4,u_164,1.4
Beta_1.4,u_165,1.4
Beta_1.4,u_166,1.4
Beta_1.4,u_167,1.4
Beta_1.4,u_168,1.4
Beta_1.4,u_169,1.4
Beta_1.4,u_170,1.4
Beta_1.4,u_171,1.4
Beta_1.4,u_172,1.4
Beta_1.4,u_173,1.4
Beta_1.4,u_174,1.4
Beta_1.4,u_175,1.4
Beta_1.4,u_176,1.4
Beta_1.4,u_177,1.4
Beta_1.4,u_178,1.4
Beta_1.4,u_179,1.4
Beta_1.4,u_180,1.4
Beta_1.4,u_181,1.4
Beta_1.4,u_182,1.4
Beta_1.4,u_183,1.4
Beta_1.4,u_184,1.4
Beta_1.4,u_185,1.4
Beta_1.4,u_186,1.4
Beta_1.4,u_187,1.4
Beta_1.4,u_188,1.4
Beta_1.4,u_189,1.4
Beta_1.4,u_190,1.4
Beta_1.4,u_191,1.4
Beta_1.4,u_192,1.4
Beta_1.4,u_193,1.4
Beta_1.4,u_194,1.4
Beta_1.4,u_195,1.4
Beta_1.4,u_196,1.4
Beta_1.4,u_197,1.4
Beta_1.4,u_198,1.4
Beta_1.4,u_199,1.4
Beta_1.4,u_200,1.4
Beta_1.4,u_201,1.4
Beta_1.4,u_202,1.4
Beta_1.4,u_203,1.4
Beta_1.4,u_204,1.4
Beta_1.4,u_205,1.4
Beta_1.4,u_206,1.4
Beta_1.4,u_207,1.4
Beta_1.4,u_208,1.4
Beta_1.4,u_209,1.4
Beta_1.4,u_210,1.4
Beta_1.4,u_211,1.4
Beta_1.4,u_212,1.4
Beta_1.4,u_213,1.4
Beta_1.4,u_214,1.4
Beta_1.4,u_215,1.4
Beta_1.4,u_216,1.4
Beta_1.4,u_217,1.4
Beta_1.4,u_218,1.4
Beta_1.4,u_219,1.4
Beta_1.4,u_220,1.4
Beta_1.4,u_221,1.4
Beta_1.4,u_222,1.4
Beta_1.4,u_223,1.4
Beta_1.4,u_224,1.4
Beta_1.4,u_225,1.4
Beta_1.4,u_226,1.4
Beta_1.4,u_227,1.4
Beta_1.4,u_228,1.4
Beta_1.4,u_229,1.4
Beta_1.4,u_230,1.4
Beta_1.4,u_231,1.4
Beta_1.4,u_232,1.4
Beta_1.4,u_233,1.4
Beta_1.4,u_234,1.4
Beta_1.4,u_235,1.4
Beta_1.4,u_236,1.4
Beta_1.4,u_237,1.4
Beta_1.4,u_238,1.4
Beta_1.4,u_239,1.4
Beta_1.4,u_240,1.4
Beta_1.4,u_241,1.4
Beta_1.4,u_242,1.4
Beta_1.4,u_243,1.4
Beta_1.4,u_244,1.4
Beta_1.4,u_245,1.4
Beta_1.4,u_246,1.4
Beta_1.4,u_247,1.4
Beta_1.4,u_248,1.4
Beta_1.4,u_249,1.4
Beta_1.4,u_250,1.4
Beta_1.4,u_251,1.4
Beta_1.4,u_252,1.4
Beta_1.4,u_253,1.4
Beta_1.4,u_254,1.4
Beta_1.4,u_255,1.4
Beta_1.4,u_256,1.4
Beta_1.4,u_257,1.4
Beta_1.4,u_258,1.4
Beta_1.4,u_259,1.4
Beta_1.4,u_260,1.4
Beta_1.4,u_261,1.4
Beta_1.4,u_262,1.4
Beta_1.4,u_263,1.4
Beta_1.4,u_264,1.4
Beta_1.4,u_265,1.4
Beta_1.4,u_266,1.4
Beta_1.4,u_267,1.4
Beta_1.4,u_268,1.4
Beta_1.4,u_269,1.4
Beta_1.4,u_270,1.4
Beta_1.4,u_271,1.4
Beta_1.4,u_272,1.4
Beta_1.4,u_273,1.4
Beta_1.4,u_274,1.4
Beta_1.4,u_275,1.4
Beta_1.4,u_276,1.4
Beta_1.4,u_277,1.4
Beta_1.4,u_278,1.4
Beta_1.4,u_279,1.4
Beta_1.4,u_280,1.4
Beta_1.4,u_281,1.4
Beta_1.4,u_282,1.4
Beta_1.4,u_283,1.4
Beta_1.4,u_284,1.4
Beta_1.4,u_285,1.4
Beta_1.4,u_286,1.4
Beta_1.4,u_287,1.4
Beta_1.4,u_288,1.4
Beta_1.4,u_289,1.4
Beta_1.4,u_290,1.4
Beta_1.4,u_291,1.4
Beta_1.4,u_292,1.4
Beta_1.4,u_293,1.4
Beta_1.4,u_294,1.4
Beta_1.4,u_295,1.4
Beta_1.4,u_296,1.4
Beta_1.4,u_297,1.4
Beta_1.4,u_298,1.4
Beta_1.4,u_299,1.4
Beta_1.4,u_300,1.4
Beta_1.4,u_301,1.4
Beta_1.4,u_302,1.4
Beta_1.4,u_303,1.4
Beta_1.4,u_304,1.4
Beta_1.4,u_305,1.4
Beta_1.4,u_306,1.4
Beta_1.4,u_307,1.4
Beta_1.4,u_308,1.4
Beta_1.4,u_309,1.4
Beta_1.4,u_310,1.4
Beta_1.4,u_311,1.4
Beta_1.4,u_312,1.4
Beta_1.4,u_313,1.4
Beta_1.4,u_314,1.4
Beta_1.4,u_315,1.4
Beta_1.4,u_316,1.4
Beta_1.4,u_317,1.4
Beta_1.4,u_318,1.4
Beta_1.4,u_319,1.4
Beta_1.4,u_320,1.4
Beta_1.4,u_321,1.4
Beta_1.4,u_322,1.4
Beta_1.4,u_323,1.4
Beta_1.4,u_324,1.4
Beta_1.4,u_325,1.4
Beta_1.4,u_326,1.4
Beta_1.4,u_327,1.4
Beta_1.4,u_328,1.4
Beta_1.4,u_329,1.4
Beta_1.4,u_330,1.4
Beta_1.4,u_331,1.4
Beta_1.4,u_332,1.4
Beta_1.4,u_333,1.4
Beta_1.4,u_334,1.4
Beta_1.4,u_335,1.4
Beta_1.4,u_336,1.4
Beta_1.4,u_337,1.4
Beta_1.4,u_338,1.4
Beta_1.4,u_339,1.4
Beta_1.4,u_340,1.4
Beta_1.4,u_341,1.4
Beta_1.4,u_342,1.4
Beta_1.4,u_343,1.4
Beta_1.4,u_344,1.4
Beta_1.4,u_345,1.4
Beta_1.4,u_346,1.4
Beta_1.4,u_347,1.4
Beta_1.4,u_348,1.4
Beta_1.4,u_349,1.4
Beta_1.4,u_350,1.4
Beta_1.4,u_351,1.4
Beta_1.4,u_352,1.4
Beta_1.4,u_353,1.4
Beta_1.4,u_354,1.4
Beta_1.4,u_355,1.4
Beta_1.4,u_356,1.4
Beta_1.4,u_357,1.4
Beta_1.4,u_358,1.4
Beta_1.4,u_359,1.4
Beta_1.4,u_360,1.4
Beta_1.4,u_361,1.4
Beta_1.4,u_362,1.4
Beta_1.4,u_363,1.4
Beta_1.4,u_364,1.4
Beta_1.4,u_365,1.4
Beta_1.4,u_366,1.4
Beta_1.4,u_367,1.4
Beta_1.4,u_368,1.4
Beta_1.4,u_369,1.4
Beta_1.4,u_370,1.4
Beta_1.4,u_371,1.4
Beta_1.4,u_372,1.4
Beta_1.4,u_373,1.4
Beta_1.4,u_374,1.4
Beta_1.4,u_375,1.4
Beta_1.4,u_376,1.4
Beta_1.4,u_377,1.4
Beta_1.4,u_378,1.4
Beta_1.4,u_379,1.4
Beta_1.4,u_380,1.4
Beta_1.4,u_381,1.4
Beta_1.4,u_382,1.4
Beta_1.4,u_383,1.4
Beta_1.4,u_384,1.4
Beta_1.4,u_385,1.4
Beta_1.4,u_386,1.4
Beta_1.4,u_387,1.4
Beta_1.4,u_388,1.4
Beta_1.4,u_389,1.4
Beta_1.4,u_390,1.4
Beta_1.4,u_391,1.4
Beta_1.4,u_392,1.4
Beta_1.4,u_393,1.4
Beta_1.4,u_394,1.4
Beta_1.4,u_395,1.4
Beta_1.4,u_396,1.4
Beta_1.4,u_397,1.4
Beta_1.4,u_398,1.4
Beta_1.4,u_399,1.4
Beta_1.4,u_400,1.4
Beta_1.4,u_401,1.4
Beta_1.6,u_001,1.6
Beta_1.6,u_002,1.6
Beta_1.6,u_003,1.6
Beta_1.6,u_004,1.6
Beta_1.6,u_005,1.6
Beta_1.6,u_006,1.6
Beta_1.6,u_007,1.6
Beta_1.6,u_008,1.6
Beta_1.6,u_009,1.6
Beta_1.6,u_010,1.6
Beta_1.6,u_011,1.6
Beta_1.6,u_012,1.6
Beta_1.6,u_013,1.6
Beta_1.6,u_014,1.6
Beta_1.6,u_015,1.6
Beta_1.6,u_016,1.6
Beta_1.6,u_017,1.6
Beta_1.6,u_018,1.6
Beta_1.6,u_019,1.6
Beta_1.6,u_020,1.6
Beta_1.6,u_021,1.6
Beta_1.6,u_022,1.6
Beta_1.6,u_023,1.6
Beta_1.6,u_024,1.6
Beta_1.6,u_025,1.6
Beta_1.6,u_026,1.6
Beta_1.6,u_027,1.6
Beta_1.6,u_028,1.6
Beta_1.6,u_029,1.6
Beta_1.6,u_030,1.6
Beta_1.6,u_031,1.6
Beta_1.6,u_032,1.6
Beta_1.6,u_033,1.6
Beta_1.6,u_034,1.6
Beta_1.6,u_035,1.6
Beta_1.6,u_036,1.6
Beta_1.6,u_037,1.6
Beta_1.6,u_038,1.6
Beta_1.6,u_039,1.6
Beta_1.6,u_040,1.6
Beta_1.6,u_041,1.6
Beta_1.6,u_042,1.6
Beta_1.6,u_043,1.6
Beta_1.6,u_044,1.6
Beta_1.6,u_045,1.6
Beta_1.6,u_046,1.6
Beta_1.6,u_047,1.6
Beta_1.6,u_048,1.6
Beta_1.6,u_049,1.6
Beta_1.6,u_050,1.6
Beta_1.6,u_051,1.6
Beta_1.6,u_052,1.6
Beta_1.6,u_053,1.6
Beta_1.6,u_054,1.6
Beta_1.6,u_055,1.6
Beta_1.6,u_056,1.6
Beta_1.6,u_057,1.6
Beta_1.6,u_058,1.6
Beta_1.6,u_059,1.6
Beta_1.6,u_060,1.6
Beta_1.6,u_061,1.6
Beta_1.6,u_062,1.6
Beta_1.6,u_063,1.6
Beta_1.6,u_064,1.6
Beta_1.6,u_065,1.6
Beta_1.6,u_066,1.6
Beta_1.6,u_067,1.6
Beta_1.6,u_068,1.6
Beta_1.6,u_069,1.6
Beta_1.6,u_070,1.6
Beta_1.6,u_071,1.6
Beta_1.6,u_072,1.6
Beta_1.6,u_073,1.6
Beta_1.6,u_074,1.6
Beta_1.6,u_075,1.6
Beta_1.6,u_076,1.6
Beta_1.6,u_077,1.6
Beta_1.6,u_078,1.6
Beta_1.6,u_079,1.6
Beta_1.6,u_080,1.6
Beta_1.6,u_081,1.6
Beta_1.6,u_082,1.6
Beta_1.6,u_083,1.6
Beta_1.6,u_084,1.6
Beta_1.6,u_085,1.6
Beta_1.6,u_086,1.6
Beta_1.6,u_087,1.6
Beta_1.6,u_088,1.6
Beta_1.6,u_089,1.6
Beta_1.6,u_090,1.6
Beta_1.6,u_091,1.6
Beta_1.6,u_092,1.6
Beta_1.6,u_093,1.6
Beta_1.6,u_094,1.6
Beta_1.6,u_095,1.6
Beta_1.6,u_096,1.6
Beta_1.6,u_097,1.6
Beta_1.6,u_098,1.6
Beta_1.6,u_099,1.6
Beta_1.6,u_100,1.6
Beta_1.6,u_101,1.6
Beta_1.6,u_102,1.6
Beta_1.6,u_103,1.6
Beta_1.6,u_104,1.6
Beta_1.6,u_105,1.6
Beta_1.6,u_106,1.6
Beta_1.6,u_107,1.6
Beta_1.6,u_108,1.6
Beta_1.6,u_109,1.6
Beta_1.6,u_110,1.6
Beta_1.6,u_111,1.6
Beta_1.6,u_112,1.6
Beta_1.6,u_113,1.6
Beta_1.6,u_114,1.6
Beta_1.6,u_115,1.6
Beta_1.6,u_116,1.6
Beta_1.6,u_117,1.6
Beta_1.6,u_118,1.6
Beta_1.6,u_119,1.6
Beta_1.6,u_120,1.6
Beta_1.6,u_121,1.6
Beta_1.6,u_122,1.6
Beta_1.6,u_123,1.6
Beta_1.6,u_124,1.6
Beta_1.6,u_125,1.6
Beta_1.6,u_126,1.6
Beta_1.6,u_127,1.6
Beta_1.6,u_128,1.6
Beta_1.6,u_129,1.6
Beta_1.6,u_130,1.6
Beta_1.6,u_131,1.6
Beta_1.6,u_132,1.6
Beta_1.6,u_133,1.6
Beta_1.6,u_134,1.6
Beta_1.6,u_135,1.6
Beta_1.6,u_136,1.6
Beta_1.6,u_137,1.6
Beta_1.6,u_138,1.6
Beta_1.6,u_139,1.6
Beta_1.6,u_140,1.6
Beta_1.6,u_141,1.6
Beta_1.6,u_142,1.6
Beta_1.6,u_143,1.6
Beta_1.6,u_144,1.6
Beta_1.6,u_145,1.6
Beta_1.6,u_146,1.6
Beta_1.6,u_147,1.6
Beta_1.6,u_148,1.6
Beta_1.6,u_149,1.6
Beta_1.6,u_150,1.6
Beta_1.6,u_151,1.6
Beta_1.6,u_152,1.6
Beta_1.6,u_153,1.6
Beta_1.6,u_154,1.6
Beta_1.6,u_155,1.6
Beta_1.6,u_156,1.6
Beta_1.6,u_157,1.6
Beta_1.6,u_158,1.6
Beta_1.6,u_159,1.6
Beta_1.6,u_160,1.6
Beta_1.6,u_161,1.6
Beta_1.6,u_162,1.6
Beta_1.6,u_163,1.6
Beta_1.6,u_164,1.6
Beta_1.6,u_165,1.6
Beta_1.6,u_166,1.6
Beta_1.6,u_167,1.6
Beta_1.6,u_168,1.6
Beta_1.6,u_169,1.6
Beta_1.6,u_170,1.6
Beta_1.6,u_171,1.6
Beta_1.6,u_172,1.6
Beta_1.6,u_173,1.6
Beta_1.6,u_174,1.6
Beta_1.6,u_175,1.6
Beta_1.6,u_176,1.6
Beta_1.6,u_177,1.6
Beta_1.6,u_178,1.6
Beta_1.6,u_179,1.6
Beta_1.6,u_180,1.6
Beta_1.6,u_181,1.6
Beta_1.6,u_182,1.6
Beta_1.6,u_183,1.6
Beta_1.6,u_184,1.6
Beta_1.6,u_185,1.6
Beta_1.6,u_186,1.6
Beta_1.6,u_187,1.6
Beta_1.6,u_188,1.6
Beta_1.6,u_189,1.6
Beta_1.6,u_190,1.6
Beta_1.6,u_191,1.6
Beta_1.6,u_192,1.6
Beta_1.6,u_193,1.6
Beta_1.6,u_194,1.6
Beta_1.6,u_195,1.6
Beta_1.6,u_196,1.6
Beta_1.6,u_197,1.6
Beta_1.6,u_198,1.6
Beta_1.6,u_199,1.6
Beta_1.6,u_200,1.6
Beta_1.6,u_201,1.6
Beta_1.6,u_202,1.6
Beta_1.6,u_203,1.6
Beta_1.6,u_204,1.6
Beta_1.6,u_205,1.6
Beta_1.6,u_206,1.6
Beta_1.6,u_207,1.6
Beta_1.6,u_208,1.6
Beta_1.6,u_209,1.6
Beta_1.6,u_210,1.6
Beta_1.6,u_211,1.6
Beta_1.6,u_212,1.6
Beta_1.6,u_213,1.6
Beta_1.6,u_214,1.6
Beta_1.6,u_215,1.6
Beta_1.6,u_216,1.6
Beta_1.6,u_217,1.6
Beta_1.6,u_218,1.6
Beta_1.6,u_219,1.6
Beta_1.6,u_220,1.6
Beta_1.6,u_221,1.6
Beta_1.6,u_222,1.6
Beta_1.6,u_223,1.6
Beta_1.6,u_224,1.6
Beta_1.6,u_225,1.6
Beta_1.6,u_226,1.6
Beta_1.6,u_227,1.6
Beta_1.6,u_228,1.6
Beta_1.6,u_229,1.6
Beta_1.6,u_230,1.6
Beta_1.6,u_231,1.6
Beta_1.6,u_232,1.6
Beta_1.6,u_233,1.6
Beta_1.6,u_234,1.6
Beta_1.6,u_235,1.6
Beta_1.6,u_236,1.6
Beta_1.6,u_237,1.6
Beta_1.6,u_238,1.6
Beta_1.6,u_239,1.6
Beta_1.6,u_240,1.6
Beta_1.6,u_241,1.6
Beta_1.6,u_242,1.6
Beta_1.6,u_243,1.6
Beta_1.6,u_244,1.6
Beta_1.6,u_245,1.6
Beta_1.6,u_246,1.6
Beta_1.6,u_247,1.6
Beta_1.6,u_248,1.6
Beta_1.6,u_249,1.6
Beta_1.6,u_250,1.6
Beta_1.6,u_251,1.6
Beta_1.6,u_252,1.6
Beta_1.6,u_253,1.6
Beta_1.6,u_254,1.6
Beta_1.6,u_255,1.6
Beta_1.6,u_256,1.6
Beta_1.6,u_257,1.6
Beta_1.6,u_258,1.6
Beta_1.6,u_259,1.6
Beta_1.6,u_260,1.6
Beta_1.6,u_261,1.6
Beta_1.6,u_262,1.6
Beta_1.6,u_263,1.6
Beta_1.6,u_264,1.6
Beta_1.6,u_265,1.6
Beta_1.6,u_266,1.6
Beta_1.6,u_267,1.6
Beta_1.6,u_268,1.6
Beta_1.6,u_269,1.6
Beta_1.6,u_270,1.6
Beta_1.6,u_271,1.6
Beta_1.6,u_272,1.6
Beta_1.6,u_273,1.6
Beta_1.6,u_274,1.6
Beta_1.6,u_275,1.6
Beta_1.6,u_276,1.6
Beta_1.6,u_277,1.6
Beta_1.6,u_278,1.6
Beta_1.6,u_279,1.6
Beta_1.6,u_280,1.6
Beta_1.6,u_281,1.6
Beta_1.6,u_282,1.6
Beta_1.6,u_283,1.6
Beta_1.6,u_284,1.6
Beta_1.6,u_285,1.6
Beta_1.6,u_286,1.6
Beta_1.6,u_287,1.6
Beta_1.6,u_288,1.6
Beta_1.6,u_289,1.6
Beta_1.6,u_290,1.6
Beta_1.6,u_291,1.6
Beta_1.6,u_292,1.6
Beta_1.6,u_293,1.6
Beta_1.6,u_294,1.6
Beta_1.6,u_295,1.6
Beta_1.6,u_296,1.6
Beta_1.6,u_297,1.6
Beta_1.6,u_298,1.6
Beta_1.6,u_299,1.6
Beta_1.6,u_300,1.6
Beta_1.6,u_301,1.6
Beta_1.6,u_302,1.6
Beta_1.6,u_303,1.6
Beta_1.6,u_304,1.6
Beta_1.6,u_305,1.6
Beta_1.6,u_306,1.6
Beta_1.6,u_307,1.6
Beta_1.6,u_308,1.6
Beta_1.6,u_309,1.6
Beta_1.6,u_310,1.6
Beta_1.6,u_311,1.6
Beta_1.6,u_312,1.6
Beta_1.6,u_313,1.6
Beta_1.6,u_314,1.6
Beta_1.6,u_315,1.6
Beta_1.6,u_316,1.6
Beta_1.6,u_317,1.6
Beta_1.6,u_318,1.6
Beta_1.6,u_319,1.6
Beta_1.6,u_320,1.6
Beta_1.6,u_321,1.6
Beta_1.6,u_322,1.6
Beta_1.6,u_323,1.6
Beta_1.6,u_324,1.6
Beta_1.6,u_325,1.6
Beta_1.6,u_326,1.6
Beta_1.6,u_327,1.6
Beta_1.6,u_328,1.6
Beta_1.6,u_329,1.6
Beta_1.6,u_330,1.6
Beta_1.6,u_331,1.6
Beta_1.6,u_332,1.6
Beta_1.6,u_333,1.6
Beta_1.6,u_334,1.6
Beta_1.6,u_335,1.6
Beta_1.6,u_336,1.6
Beta_1.6,u_337,1.6
Beta_1.6,u_338,1.6
Beta_1.6,u_339,1.6
Beta_1.6,u_340,1.6
Beta_1.6,u_341,1.6
Beta_1.6,u_342,1.6
Beta_1.6,u_343,1.6
Beta_1.6,u_344,1.6
Beta_1.6,u_345,1.6
Beta_1.6,u_346,1.6
Beta_1.6,u_347,1.6
Beta_1.6,u_348,1.6
Beta_1.6,u_349,1.6
Beta_1.6,u_350,1.6
Beta_1.6,u_351,1.6
Beta_1.6,u_352,1.6
Beta_1.6,u_353,1.6
Beta_1.6,u_354,1.6
Beta_1.6,u_355,1.6
Beta_1.6,u_356,1.6
Beta_1.6,u_357,1.6
Beta_1.6,u_358,1.6
Beta_1.6,u_359,1.6
Beta_1.6,u_360,1.6
Beta_1.6,u_361,1.6
Beta_1.6,u_362,1.6
Beta_1.6,u_363,1.6
Beta_1.6,u_364,1.6
Beta_1.6,u_365,1.6
Beta_1.6,u_366,1.6
Beta_1.6,u_367,1.6
Beta_1.6,u_368,1.6
Beta_1.6,u_369,1.6
Beta_1.6,u_370,1.6
Beta_1.6,u_371,1.6
Beta_1.6,u_372,1.6
Beta_1.6,u_373,1.6
Beta_1.6,u_374,1.6
Beta_1.6,u_375,1.6
Beta_1.6,u_376,1.6
Beta_1.6,u_377,1.6
Beta_1.6,u_378,1.6
Beta_1.6,u_379,1.6
Beta_1.6,u_380,1.6
Beta_1.6,u_381,1.6
Beta_1.6,u_382,1.6
Beta_1.6,u_383,1.6
Beta_1.6,u_384,1.6
Beta_1.6,u_385,1.6
Beta_1.6,u_386,1.6
Beta_1.6,u_387,1.6
Beta_1.6,u_388,1.6
Beta_1.6,u_389,1.6
Beta_1.6,u_390,1.6
Beta_1.6,u_391,1.6
Beta_1.6,u_392,1.6
Beta_1.6,u_393,1.6
Beta_1.6,u_394,1.6
Beta_1.6,u_395,1.6
Beta_1.6,u_396,1.6
Beta_1.6,u_397,1.6
Beta_1.6,u_398,1.6
Beta_1.6,u_399,1.6
Beta_1.6,u_400,1.6
Beta_1.6,u_401,1.6
Beta_1.8,u_001,1.8
Beta_1.8,u_002,1.8
Beta_1.8,u_003,1.8
Beta_1.8,u_004,1.8
Beta_1.8,u_005,1.8
Beta_1.8,u_006,1.8
Beta_1.8,u_007,1.8
Beta_1.8,u_008,1.8
Beta_1.8,u_009,1.8
Beta_1.8,u_010,1.8
Beta_1.8,u_011,1.8
Beta_1.8,u_012,1.8
Beta_1.8,u_013,1.8
Beta_1.8,u_014,1.8
Beta_1.8,u_015,1.8
Beta_1.8,u_016,1.8
Beta_1.8,u_017,1.8
Beta_1.8,u_018,1.8
Beta_1.8,u_019,1.8
Beta_1.8,u_020,1.8
Beta_1.8,u_021,1.8
Beta_1.8,u_022,1.8
Beta_1.8,u_023,1.8
Beta_1.8,u_024,1.8
Beta_1.8,u_025,1.8
Beta_1.8,u_026,1.8
Beta_1.8,u_027,1.8
Beta_1.8,u_028,1.8
Beta_1.8,u_029,1.8
Beta_1.8,u_030,1.8
Beta_1.8,u_031,1.8
Beta_1.8,u_032,1.8
Beta_1.8,u_033,1.8
Beta_1.8,u_034,1.8
Beta_1.8,u_035,1.8
Beta_1.8,u_036,1.8
Beta_1.8,u_037,1.8
Beta_1.8,u_038,1.8
Beta_1.8,u_039,1.8
Beta_1.8,u_040,1.8
Beta_1.8,u_041,1.8
Beta_1.8,u_042,1.8
Beta_1.8,u_043,1.8
Beta_1.8,u_044,1.8
Beta_1.8,u_045,1.8
Beta_1.8,u_046,1.8
Beta_1.8,u_047,1.8
Beta_1.8,u_048,1.8
Beta_1.8,u_049,1.8
Beta_1.8,u_050,1.8
Beta_1.8,u_051,1.8
Beta_1.8,u_052,1.8
Beta_1.8,u_053,1.8
Beta_1.8,u_054,1.8
Beta_1.8,u_055,1.8
Beta_1.8,u_056,1.8
Beta_1.8,u_057,1.8
Beta_1.8,u_058,1.8
Beta_1.8,u_059,1.8
Beta_1.8,u_060,1.8
Beta_1.8,u_061,1.8
Beta_1.8,u_062,1.8
Beta_1.8,u_063,1.8
Beta_1.8,u_064,1.8
Beta_1.8,u_065,1.8
Beta_1.8,u_066,1.8
Beta_1.8,u_067,1.8
Beta_1.8,u_068,1.8
Beta_1.8,u_069,1.8
Beta_1.8,u_070,1.8
Beta_1.8,u_071,1.8
Beta_1.8,u_072,1.8
Beta_1.8,u_073,1.8
Beta_1.8,u_074,1.8
Beta_1.8,u_075,1.8
Beta_1.8,u_076,1.8
Beta_1.8,u_077,1.8
Beta_1.8,u_078,1.8
Beta_1.8,u_079,1.8
Beta_1.8,u_080,1.8
Beta_1.8,u_081,1.8
Beta_1.8,u_082,1.8
Beta_1.8,u_083,1.8
Beta_1.8,u_084,1.8
Beta_1.8,u_085,1.8
Beta_1.8,u_086,1.8
Beta_1.8,u_087,1.8
Beta_1.8,u_088,1.8
Beta_1.8,u_089,1.8
Beta_1.8,u_090,1.8
Beta_1.8,u_091,1.8
Beta_1.8,u_092,1.8
Beta_1.8,u_093,1.8
Beta_1.8,u_094,1.8
Beta_1.8,u_095,1.8
Beta_1.8,u_096,1.8
Beta_1.8,u_097,1.8
Beta_1.8,u_098,1.8
Beta_1.8,u_099,1.8
Beta_1.8,u_100,1.8
Beta_1.8,u_101,1.8
Beta_1.8,u_102,1.8
Beta_1.8,u_103,1.8
Beta_1.8,u_104,1.8
Beta_1.8,u_105,1.8
Beta_1.8,u_106,1.8
Beta_1.8,u_107,1.8
Beta_1.8,u_108,1.8
Beta_1.8,u_109,1.8
Beta_1.8,u_110,1.8
Beta_1.8,u_111,1.8
Beta_1.8,u_112,1.8
Beta_1.8,u_113,1.8
Beta_1.8,u_114,1.8
Beta_1.8,u_115,1.8
Beta_1.8,u_116,1.8
Beta_1.8,u_117,1.8
Beta_1.8,u_118,1.8
Beta_1.8,u_119,1.8
Beta_1.8,u_120,1.8
Beta_1.8,u_121,1.8
Beta_1.8,u_122,1.8
Beta_1.8,u_123,1.8
Beta_1.8,u_124,1.8
Beta_1.8,u_125,1.8
Beta_1.8,u_126,1.8
Beta_1.8,u_127,1.8
Beta_1.8,u_128,1.8
Beta_1.8,u_129,1.8
Beta_1.8,u_130,1.8
Beta_1.8,u_131,1.8
Beta_1.8,u_132,1.8
Beta_1.8,u_133,1.8
Beta_1.8,u_134,1.8
Beta_1.8,u_135,1.8
Beta_1.8,u_136,1.8
Beta_1.8,u_137,1.8
Beta_1.8,u_138,1.8
Beta_1.8,u_139,1.8
Beta_1.8,u_140,1.8
Beta_1.8,u_141,1.8
Beta_1.8,u_142,1.8
Beta_1.8,u_143,1.8
Beta_1.8,u_144,1.8
Beta_1.8,u_145,1.8
Beta_1.8,u_146,1.8
Beta_1.8,u_147,1.8
Beta_1.8,u_148,1.8
Beta_1.8,u_149,1.8
Beta_1.8,u_150,1.8
Beta_1.8,u_151,1.8
Beta_1.8,u_152,1.8
Beta_1.8,u_153,1.8
Beta_1.8,u_154,1.8
Beta_1.8,u_155,1.8
Beta_1.8,u_156,1.8
Beta_1.8,u_157,1.8
Beta_1.8,u_158,1.8
Beta_1.8,u_159,1.8
Beta_1.8,u_160,1.8
Beta_1.8,u_161,1.8
Beta_1.8,u_162,1.8
Beta_1.8,u_163,1.8
Beta_1.8,u_164,1.8
Beta_1.8,u_165,1.8
Beta_1.8,u_166,1.8
Beta_1.8,u_167,1.8
Beta_1.8,u_168,1.8
Beta_1.8,u_169,1.8
Beta_1.8,u_170,1.8
Beta_1.8,u_171,1.8
Beta_1.8,u_172,1.8
Beta_1.8,u_173,1.8
Beta_1.8,u_174,1.8
Beta_1.8,u_175,1.8
Beta_1.8,u_176,1.8
Beta_1.8,u_177,1.8
Beta_1.8,u_178,1.8
Beta_1.8,u_179,1.8
Beta_1.8,u_180,1.8
Beta_1.8,u_181,1.8
Beta_1.8,u_182,1.8
Beta_1.8,u_183,1.8
Beta_1.8,u_184,1.8
Beta_1.8,u_185,1.8
Beta_1.8,u_186,1.8
Beta_1.8,u_187,1.8
Beta_1.8,u_188,1.8
Beta_1.8,u_189,1.8
Beta_1.8,u_190,1.8
Beta_1.8,u_191,1.8
Beta_1.8,u_192,1.8
Beta_1.8,u_193,1.8
Beta_1.8,u_194,1.8
Beta_1.8,u_195,1.8
Beta_1.8,u_196,1.8
Beta_1.8,u_197,1.8
Beta_1.8,u_198,1.8
Beta_1.8,u_199,1.8
Beta_1.8,u_200,1.8
Beta_1.8,u_201,1.8
Beta_1.8,u_202,1.8
Beta_1.8,u_203,1.8
Beta_1.8,u_204,1.8
Beta_1.8,u_205,1.8
Beta_1.8,u_206,1.8
Beta_1.8,u_207,1.8
Beta_1.8,u_208,1.8
Beta_1.8,u_209,1.8
Beta_1.8,u_210,1.8
Beta_1.8,u_211,1.8
Beta_1.8,u_212,1.8
Beta_1.8,u_213,1.8
Beta_1.8,u_214,1.8
Beta_1.8,u_215,1.8
Beta_1.8,u_216,1.8
Beta_1.8,u_217,1.8
Beta_1.8,u_218,1.8
Beta_1.8,u_219,1.8
Beta_1.8,u_220,1.8
Beta_1.8,u_221,1.8
Beta_1.8,u_222,1.8
Beta_1.8,u_223,1.8
Beta_1.8,u_224,1.8
Beta_1.8,u_225,1.8
Beta_1.8,u_226,1.8
Beta_1.8,u_227,1.8
Beta_1.8,u_228,1.8
Beta_1.8,u_229,1.8
Beta_1.8,u_230,1.8
Beta_1.8,u_231,1.8
Beta_1.8,u_232,1.8
Beta_1.8,u_233,1.8
Beta_1.8,u_234,1.8
Beta_1.8,u_235,1.8
Beta_1.8,u_236,1.8
Beta_1.8,u_237,1.8
Beta_1.8,u_238,1.8
Beta_1.8,u_239,1.8
Beta_1.8,u_240,1.8
Beta_1.8,u_241,1.8
Beta_1.8,u_242,1.8
Beta_1.8,u_243,1.8
Beta_1.8,u_244,1.8
Beta_1.8,u_245,1.8
Beta_1.8,u_246,1.8
Beta_1.8,u_247,1.8
Beta_1.8,u_248,1.8
Beta_1.8,u_249,1.8
Beta_1.8,u_250,1.8
Beta_1.8,u_251,1.8
Beta_1.8,u_252,1.8
Beta_1.8,u_253,1.8
Beta_1.8,u_254,1.8
Beta_1.8,u_255,1.8
Beta_1.8,u_256,1.8
Beta_1.8,u_257,1.8
Beta_1.8,u_258,1.8
Beta_1.8,u_259,1.8
Beta_1.8,u_260,1.8
Beta_1.8,u_261,1.8
Beta_1.8,u_262,1.8
Beta_1.8,u_263,1.8
Beta_1.8,u_264,1.8
Beta_1.8,u_265,1.8
Beta_1.8,u_266,1.8
Beta_1.8,u_267,1.8
Beta_1.8,u_268,1.8
Beta_1.8,u_269,1.8
Beta_1.8,u_270,1.8
Beta_1.8,u_271,1.8
Beta_1.8,u_272,1.8
Beta_1.8,u_273,1.8
Beta_1.8,u_274,1.8
Beta_1.8,u_275,1.8
Beta_1.8,u_276,1.8
Beta_1.8,u_277,1.8
Beta_1.8,u_278,1.8
Beta_1.8,u_279,1.8
Beta_1.8,u_280,1.8
Beta_1.8,u_281,1.8
Beta_1.8,u_282,1.8
Beta_1.8,u_283,1.8
Beta_1.8,u_284,1.8
Beta_1.8,u_285,1.8
Beta_1.8,u_286,1.8
Beta_1.8,u_287,1.8
Beta_1.8,u_288,1.8
Beta_1.8,u_289,1.8
Beta_1.8,u_290,1.8
Beta_1.8,u_291,1.8
Beta_1.8,u_292,1.8
Beta_1.8,u_293,1.8
Beta_1.8,u_294,1.8
Beta_1.8,u_295,1.8
Beta_1.8,u_296,1.8
Beta_1.8,u_297,1.8
Beta_1.8,u_298,1.8
Beta_1.8,u_299,1.8
Beta_1.8,u_300,1.8
Beta_1.8,u_301,1.8
Beta_1.8,u_302,1.8
Beta_1.8,u_303,1.8
Beta_1.8,u_304,1.8
Beta_1.8,u_305,1.8
Beta_1.8,u_306,1.8
Beta_1.8,u_307,1.8
Beta_1.8,u_308,1.8
Beta_1.8,u_309,1.8
Beta_1.8,u_310,1.8
Beta_1.8,u_311,1.8
Beta_1.8,u_312,1.8
Beta_1.8,u_313,1.8
Beta_1.8,u_314,1.8
Beta_1.8,u_315,1.8
Beta_1.8,u_316,1.8
Beta_1.8,u_317,1.8
Beta_1.8,u_318,1.8
Beta_1.8,u_319,1.8
Beta_1.8,u_320,1.8
Beta_1.8,u_321,1.8
Beta_1.8,u_322,1.8
Beta_1.8,u_323,1.8
Beta_1.8,u_324,1.8
Beta_1.8,u_325,1.8
Beta_1.8,u_326,1.8
Beta_1.8,u_327,1.8
Beta_1.8,u_328,1.8
Beta_1.8,u_329,1.8
Beta_1.8,u_330,1.8
Beta_1.8,u_331,1.8
Beta_1.8,u_332,1.8
Beta_1.8,u_333,1.8
Beta_1.8,u_334,1.8
Beta_1.8,u_335,1.8
Beta_1.8,u_336,1.8
Beta_1.8,u_337,1.8
Beta_1.8,u_338,1.8
Beta_1.8,u_339,1.8
Beta_1.8,u_340,1.8
Beta_1.8,u_341,1.8
Beta_1.8,u_342,1.8
Beta_1.8,u_343,1.8
Beta_1.8,u_344,1.8
Beta_1.8,u_345,1.8
Beta_1.8,u_346,1.8
Beta_1.8,u_347,1.8
Beta_1.8,u_348,1.8
Beta_1.8,u_349,1.8
Beta_1.8,u_350,1.8
Beta_1.8,u_351,1.8
Beta_1.8,u_352,1.8
Beta_1.8,u_353,1.8
Beta_1.8,u_354,1.8
Beta_1.8,u_355,1.8
Beta_1.8,u_356,1.8
Beta_1.8,u_357,1.8
Beta_1.8,u_358,1.8
Beta_1.8,u_359,1.8
Beta_1.8,u_360,1.8
Beta_1.8,u_361,1.8
Beta_1.8,u_362,1.8
Beta_1.8,u_363,1.8
Beta_1.8,u_364,1.8
Beta_1.8,u_365,1.8
Beta_1.8,u_366,1.8
Beta_1.8,u_367,1.8
Beta_1.8,u_368,1.8
Beta_1.8,u_369,1.8
Beta_1.8,u_370,1.8
Beta_1.8,u_371,1.8
Beta_1.8,u_372,1.8
Beta_1.8,u_373,1.8
Beta_1.8,u_374,1.8
Beta_1.8,u_375,1.8
Beta_1.8,u_376,1.8
Beta_1.8,u_377,1.8
Beta_1.8,u_378,1.8
Beta_1.8,u_379,1.8
Beta_1.8,u_380,1.8
Beta_1.8,u_381,1.8
Beta_1.8,u_382,1.8
Beta_1.8,u_383,1.8
Beta_1.8,u_384,1.8
Beta_1.8,u_385,1.8
Beta_1.8,u_386,1.8
Beta_1.8,u_387,1.8
Beta_1.8,u_388,1.8
Beta_1.8,u_389,1.8
Beta_1.8,u_390,1.8
Beta_1.8,u_391,1.8
Beta_1.8,u_392,1.8
Beta_1.8,u_393,1.8
Beta_1.8,u_394,1.8
Beta_1.8,u_395,1.8
Beta_1.8,u_396,1.8
Beta_1.8,u_397,1.8
Beta_1.8,u_398,1.8
Beta_1.8,u_399,1.8
Beta_1.8,u_400,1.8
Beta_1.8,u_401,1.8
